15:43:22.332109,click,Bien gere
15:43:23.597934,click,Bien gere
15:43:24.385795,click,Bien gere
15:43:25.089773,click,Bien gere
15:43:25.672039,click,Bien gere
15:43:27.041500,click,Bien gere
