15:40:49.660160,click,Bien gere
15:40:51.706852,click,Bien gere
15:40:52.821552,click,Bien gere
15:40:55.519107,click,Bien gere
