15:44:13.356509,click,Bien gere
15:44:14.780876,click,Bien gere
