15:48:28.881030,click,Bien gere
15:48:30.000709,click,Bien gere
15:48:31.115615,click,Bien gere
15:48:32.230201,click,Bien gere
